FID;GEBIED;GEBOMSCH;LOCATIE;LOCOMSCH;X_WGS;Y_WGS;X_RD;Y_RD;Bron
2608;IJSSL;IJssel;DEVTR;Deventer;6.153795;52.252195;207310;473960;DONAR_RD
2609;IJSSL;IJssel;DIERN;Dieren;6.114185;52.050815;204830;451530;DONAR_RD
2610;IJSSL;IJssel;DOESBBG;Doesburg brug;6.131033;52.020505;206020;448170;DONAR_RD
2611;IJSSL;IJssel;DOESBFTWD;Doesburg Fraterwaard (recreatieplas);6.160133;52.034971;208000;449800;DONAR_RD
2612;IJSSL;IJssel;DOESBG;Doesburg;6.130624;52.013406;206000;447380;DONAR_RD
2613;IJSSL;IJssel;EEFDE;Eefde;6.234517;52.160761;212940;463850;DONAR_RD
2614;IJSSL;IJssel;IJSSKP;IJsselkop;5.952117;51.952281;193800;440470;DONAR_RD
2615;IJSSL;IJssel;KAMPBVHVN;Kampen bovenhaven;5.92395;52.552517;191370;507230;DONAR_RD
2616;IJSSL;IJssel;KAMPN;Kampen;5.918437;52.560002;190990;508060;DONAR_RD
2617;IJSSL;IJssel;KAMPZD;Kampen zuid;5.925869;52.552688;191500;507250;DONAR_RD
2618;IJSSL;IJssel;KATVR;Katerveer;6.058234;52.500419;200530;501510;DONAR_RD
2619;IJSSL;IJssel;KETDLQDA;Keteldiep Linquenda (km 1002.800 lo);5.825456;52.583212;184670;510600;DONAR_RD
2620;IJSSL;IJssel;KETDP;Keteldiep;5.845361;52.581698;186020;510440;DONAR_RD
2621;IJSSL;IJssel;KETELD1002;Keteleiland, kilometer 1002;5.852924;52.62715;186500;515500;DONAR_RD
2622;IJSSL;IJssel;OLST;Olst;6.105021;52.343021;203880;484030;DONAR_RD
2623;IJSSL;IJssel;RHEDLBSSD;Rhederlaag Bahrsestrand (recreatieplas);6.038493;51.98941;199700;444650;DONAR_RD
2624;IJSSL;IJssel;RHEDLGSKP;Rhederlaag Giessekop (recreatieplas);6.059598;51.992798;201146;445040;DONAR_RD
2625;IJSSL;IJssel;SCHERPHF;Scherpenhof (recreatieplas);6.101667;52.298725;203700;479100;DONAR_RD
2626;IJSSL;IJssel;STEEG;De Steeg;6.062804;52.01804;201340;447850;DONAR_RD
2627;IJSSL;IJssel;VEESSBNDN;Veessen beneden;6.077483;52.369154;201976;486919;DONAR_RD
2628;IJSSL;IJssel;VEESSBVN;Veessen boven;6.092123;52.361687;202981;486098;DONAR_RD
2629;IJSSL;IJssel;VEESSDHK;Veessen de Hank;6.092624;52.375635;203000;487650;DONAR_RD
2630;IJSSL;IJssel;VELP;Velp;6.006505;51.992729;197500;445000;DONAR_RD
2631;IJSSL;IJssel;WESTVBG;Westervoort brug;5.955226;51.967997;194000;442220;DONAR_RD
2632;IJSSL;IJssel;WESTVPIJ;Westervoort Pleij;5.955344;51.965839;194010;441980;DONAR_RD
2633;IJSSL;IJssel;WIJHE;Wijhe;6.128491;52.386203;205430;488850;DONAR_RD
2634;IJSSL;IJssel;ZANDJS;De Zandjes;5.863543;52.584638;187250;510775;DONAR_RD
2635;IJSSL;IJssel;ZUTPN;Zutphen;6.189785;52.144264;209900;461980;DONAR_RD
2636;IJSSL;IJssel;ZUTPND;Zutphen noord;6.181057;52.154661;209290;463130;DONAR_RD
2637;IJSSL;IJssel;ZWOLLSDSBNN;Zwolle Spooldersluis binnen;6.055444;52.510772;200330;502660;DONAR_RD
3926;MAAS;Maas;ARCN;Arcen;6.179388;51.474147;210000;387430;DONAR_RD
3927;MAAS;Maas;BELFBNDN;Belfeld beneden;6.115335;51.321463;205720;370400;DONAR_RD
3928;MAAS;Maas;BELFBVN;Belfeld boven;6.113869;51.319494;205620;370180;DONAR_RD
3929;MAAS;Maas;BERG;Berg (Grensmaas, kilometer 39.0);5.779514;51.009329;182500;335500;DONAR_RD
3930;MAAS;Maas;BERGN;Bergen (kilometer 140.4);6.025271;51.596634;199175;400950;DONAR_RD
3931;MAAS;Maas;BEUGN;Beugen;5.96288;51.667887;194790;408840;DONAR_RD
3932;MAAS;Maas;BORGHRBNDN;Borgharen beneden;5.697785;50.870683;176830;320050;DONAR_RD
3933;MAAS;Maas;BORGHRBVN;Borgharen boven;5.697346;50.868886;176800;319850;DONAR_RD
3934;MAAS;Maas;BORGHRBVN02;Borgharen boven 02 (Maas kilometer 14.9,;5.700533;50.865362;177026;319459;DONAR_RD
3935;MAAS;Maas;BORGHRDP;Borgharen dorp;5.691412;50.873846;176380;320400;DONAR_RD
3936;MAAS;Maas;BORGHRJLANKN;Borgharen Julianakanaal;5.70237;50.876424;177150;320690;DONAR_RD
3937;MAAS;Maas;BORGHRSSS;Borgharen schutsluis (invaart Julianakan;5.701636;50.87292;177100;320300;DONAR_RD
3938;MAAS;Maas;BORN;Born;5.799721;51.038027;183900;338700;DONAR_RD
3939;MAAS;Maas;BOSSVOVLT;Bosscherveld overlaat;5.6867;50.870262;176050;320000;DONAR_RD
3940;MAAS;Maas;BOSSVSS;Bosscherveld sluis (invaart Zuid-Willems;5.690228;50.866657;176300;319600;DONAR_RD
3941;MAAS;Maas;BOXMR;Boxmeer;5.96812;51.648083;195170;406640;DONAR_RD
3942;MAAS;Maas;BRANDTELD;Brandt eiland (Oude Maas);5.864152;51.132669;188350;349255;DONAR_RD
3943;MAAS;Maas;BUGGNHSMWD;Buggenum Hanssumerweerd;6.008933;51.251777;198370;362580;DONAR_RD
3944;MAAS;Maas;CREVCR;Crevecoeur;5.270946;51.734236;146940;416070;DONAR_RD
3945;MAAS;Maas;EIJSDDP;Eijsden dorp;5.700002;50.778081;177030;309750;DONAR_RD
3946;MAAS;Maas;EIJSDGS;Eijsden grens;5.683432;50.758886;175870;307610;DONAR_RD
3947;MAAS;Maas;EIJSDPTN;Eijsden ponton;5.699592;50.78033;177000;310000;DONAR_RD
3948;MAAS;Maas;EIJSDRCATPS;Eijsden recreatieplas;5.705429;50.804586;177400;312700;DONAR_RD
3949;MAAS;Maas;ELN;Elen (Grensmaas, kilometer 46);5.772533;51.060685;181980;341210;DONAR_RD
3950;MAAS;Maas;ELSLO;Elsloo;5.75631;50.958792;180900;329870;DONAR_RD
3951;MAAS;Maas;GELRENZDE;Gelre's End, noordzijde;5.261662;51.740789;146300;416800;DONAR_RD
3952;MAAS;Maas;GENNP;Gennep;5.956901;51.698301;194350;412220;DONAR_RD
3953;MAAS;Maas;GEULLADMS;Geulle aan de Maas (Grensmaas, kilometer;5.729042;50.92858;179000;326500;DONAR_RD
3954;MAAS;Maas;GEWDE;Gewande (kilometer 214.0);5.348169;51.753885;152275;418250;DONAR_RD
3955;MAAS;Maas;GOUDHHSST;Gouden Ham, Hamsestraat;5.561751;51.831521;167000;426900;DONAR_RD
3956;MAAS;Maas;GOUDHHZBD;Gouden Ham hanzebad (recreatieplas);5.549407;51.828482;166150;426560;DONAR_RD
3957;MAAS;Maas;GOUDHHZLD;Gouden Ham, Hanzeland;5.548708;51.836034;166100;427400;DONAR_RD
3958;MAAS;Maas;GOUDHISMG;Gouden Ham instroming (recreatieplas);5.545034;51.822825;165850;425930;DONAR_RD
3959;MAAS;Maas;GOUDHM;Gouden Ham (recreatieplas);5.547264;51.837834;166000;427600;DONAR_RD
3960;MAAS;Maas;GOUDHMLDN;Gouden Ham Maaslanden (recreatieplas);5.559209;51.830896;166825;426830;DONAR_RD
3961;MAAS;Maas;GOUDHMTP;Gouden Ham, de Maasterp;5.554513;51.836026;166500;427400;DONAR_RD
3962;MAAS;Maas;GRAVBNDN;Grave beneden;5.736703;51.771351;179090;420250;DONAR_RD
3963;MAAS;Maas;GRAVBVN;Grave boven;5.73843;51.769818;179210;420080;DONAR_RD
3964;MAAS;Maas;GRAVE;Grave;5.735385;51.769557;179000;420050;DONAR_RD
3965;MAAS;Maas;GRAVOT;Grave oost;5.734664;51.770009;178950;420100;DONAR_RD
3966;MAAS;Maas;GREFFLNZDE;De Greffeling, noordzijde;5.496494;51.845983;162500;428500;DONAR_RD
3967;MAAS;Maas;GREVBT;Grevenbicht;5.766247;51.042276;181550;339160;DONAR_RD
3968;MAAS;Maas;HEDL;Hedel;5.26818;51.739717;146750;416680;DONAR_RD
3969;MAAS;Maas;HEDRCATPS;Hedel recreatieplas;5.258768;51.739887;146100;416700;DONAR_RD
3970;MAAS;Maas;HEELBNDN;Heel beneden;5.920252;51.17733;192240;354250;DONAR_RD
3971;MAAS;Maas;HEELBVN;Heel boven;5.918369;51.175271;192110;354020;DONAR_RD
3972;MAAS;Maas;HEELSSS;Heel schutsluis (invaart Lateraalkanaal);5.918213;51.174193;192100;353900;DONAR_RD
3973;MAAS;Maas;HEERWDKPTRN;Heerewaarden kampeerterrein (recreatiepl;5.395616;51.81502;155550;425050;DONAR_RD
3974;MAAS;Maas;HEERWDOZDG;Heerewaarden ontzanding (recreatieplas);5.375315;51.800187;154150;423400;DONAR_RD
3975;MAAS;Maas;HEESBN;Heesbeen;5.125137;51.736787;136870;416380;DONAR_RD
3976;MAAS;Maas;HEIJEN;Heijen (Zandmaas kilometer 150);5.978916;51.666998;195900;408750;DONAR_RD
3977;MAAS;Maas;HEIJNHVN;Heijnen haven (zandmaas);5.976252;51.684541;195700;410700;DONAR_RD
3978;MAAS;Maas;HEMRSWDSD;Hemelrijksche waard, dagstrand;5.483334;51.800148;161600;423400;DONAR_RD
3979;MAAS;Maas;HERBH;Herbrich (Grensmaas, kilometer 22);5.711849;50.911099;177800;324550;DONAR_RD
3980;MAAS;Maas;KERKDCPDBDSD;Kerkdriel, camping den Bol dagstrand;5.335466;51.7795;151400;421100;DONAR_RD
3981;MAAS;Maas;KERKDL;Kerkdriel (raai 211, recreatieplas);5.337639;51.77995;151550;421150;DONAR_RD
3982;MAAS;Maas;KERKDZMRND;Kerkdriel, zandmeren noord (oude maasarm;5.345622;51.766919;152100;419700;DONAR_RD
3983;MAAS;Maas;KERKDZMRWZDE;Kerkdriel, zandmeren westzijde (oude maa;5.348522;51.764223;152300;419400;DONAR_RD
3984;MAAS;Maas;KESSL;Kessel;6.049004;51.288595;201130;366700;DONAR_RD
3985;MAAS;Maas;KOTM;Kotem (Grensmaas, kilometer 28);5.75197;50.949906;180600;328880;DONAR_RD
3986;MAAS;Maas;LINNBNDN;Linne beneden;5.925583;51.168496;192620;353270;DONAR_RD
3987;MAAS;Maas;LINNBVN;Linne boven;5.921581;51.168604;192340;353280;DONAR_RD
3988;MAAS;Maas;LINNLMDN;Linne lus midden;5.954448;51.16683;194640;353100;DONAR_RD
3989;MAAS;Maas;LINNSBNDN;Linne stuw beneden;5.922441;51.16878;192400;353300;DONAR_RD
3990;MAAS;Maas;LINNSBVN;Linne sluis boven;5.917483;51.172848;192050;353750;DONAR_RD
3991;MAAS;Maas;LITH;Lith;5.456525;51.809876;159750;424480;DONAR_RD
3992;MAAS;Maas;LITHBNDN;Lith beneden;5.4529;51.810057;159500;424500;DONAR_RD
3993;MAAS;Maas;LITHBVN;Lith boven;5.454495;51.810326;159610;424530;DONAR_RD
3994;MAAS;Maas;LITHDP;Lith dorp;5.433177;51.810606;158140;424560;DONAR_RD
3995;MAAS;Maas;LITHSHDSD;Lithse Ham, dagstrand;5.413019;51.811871;156750;424700;DONAR_RD
3996;MAAS;Maas;LITHSHGMTSD;Lithse Ham, gemeentestrand;5.418098;51.816364;157100;425200;DONAR_RD
3997;MAAS;Maas;LITHSHM;Lithse Ham (recreatieplas);5.415198;51.818163;156900;425400;DONAR_RD
3998;MAAS;Maas;MAAS159.0;Maas kilometer 159.0 (Zandmaas L2);5.923138;51.718058;192000;414400;DONAR_RD
3999;MAAS;Maas;MAAS160.6;Maas kilometer 160.6 (Zandmaas R1);5.900013;51.720858;190400;414700;DONAR_RD
4000;MAAS;Maas;MAAS161.4;Maas kilometer 161.4 (Zandmaas R2);5.891369;51.724492;189800;415100;DONAR_RD
4001;MAAS;Maas;MAAS162.2;Maas kilometer 162.2 (Zandmaas R2);5.885649;51.730809;189400;415800;DONAR_RD
4002;MAAS;Maas;MAAS163.0;Maas kilometer 163.0 (Zandmaas L2);5.882832;51.738013;189200;416600;DONAR_RD
4003;MAAS;Maas;MAAS163.8;Maas kilometer 163.8 (Zandmaas R1);5.881463;51.74521;189100;417400;DONAR_RD
4004;MAAS;Maas;MAAS164.6;Maas kilometer 164.6 (Zandmaas L1);5.877187;51.751521;188800;418100;DONAR_RD
4005;MAAS;Maas;MAAS165.4;Maas kilometer 165.4 (Zandmaas L2);5.869993;51.756045;188300;418600;DONAR_RD
4006;MAAS;Maas;MAAS167.0;Maas kilometer 167.0 (Zandmaas L2);5.846845;51.758835;186700;418900;DONAR_RD
4007;MAAS;Maas;MAAS170.2;Maas kilometer 170.2 (Zandmaas R1);5.803372;51.7572;183700;418700;DONAR_RD
4008;MAAS;Maas;MAASBD;Maasband;5.736232;50.976654;179480;331850;DONAR_RD
4009;MAAS;Maas;MAASBT;Maasbracht;5.873537;51.141845;189000;350280;DONAR_RD
4010;MAAS;Maas;MAASEK;Maaseik;5.798796;51.094127;183800;344940;DONAR_RD
4011;MAAS;Maas;MAASSEGLN;Maas, sluis Engelen;5.259085;51.730269;146120;415630;DONAR_RD
4012;MAAS;Maas;MAASTSVBG;Maastricht Servaasbrug;5.695519;50.850462;176680;317800;DONAR_RD
4013;MAAS;Maas;MAASTT;Maastricht;5.694997;50.857385;176640;318570;DONAR_RD
4014;MAAS;Maas;MARN;Maren (raai 210, recreatieplas);5.342698;51.793437;151900;422650;DONAR_RD
4015;MAAS;Maas;MEGDP;Megen dorp;5.566814;51.827828;167350;426490;DONAR_RD
4016;MAAS;Maas;MEGN;Megen;5.567256;51.829445;167380;426670;DONAR_RD
4017;MAAS;Maas;MOOK;Mook;5.874621;51.755397;188620;418530;DONAR_RD
4018;MAAS;Maas;MOOKHVN;Mook haven;5.880805;51.751236;189050;418070;DONAR_RD
4019;MAAS;Maas;NATTHVN;Nattenhoven (Grensmaas, kilometer 40);5.770597;51.016551;181870;336300;DONAR_RD
4020;MAAS;Maas;NEER;Neer;6.004898;51.260609;198080;363560;DONAR_RD
4021;MAAS;Maas;OBBT;Obbicht;5.776222;51.024443;182260;337180;DONAR_RD
4022;MAAS;Maas;OHE;Ohe (Grensmaas, kilometer 58);5.809522;51.111799;184540;346910;DONAR_RD
4023;MAAS;Maas;OIJN;Oijen;5.509498;51.824575;163400;426120;DONAR_RD
4024;MAAS;Maas;OOL;Ool (kilometer 76.5);5.952387;51.191113;194475;355800;DONAR_RD
4025;MAAS;Maas;RAVSN;Ravenstein;5.65919;51.796906;173730;423070;DONAR_RD
4026;MAAS;Maas;ROERMBNDN;Roermond beneden;5.980943;51.214345;196450;358400;DONAR_RD
4027;MAAS;Maas;ROERMBVN;Roermond boven;5.982199;51.211821;196540;358120;DONAR_RD
4028;MAAS;Maas;ROERMD;Roermond (monding van de Roer);5.982869;51.197254;196600;356500;DONAR_RD
4029;MAAS;Maas;ROERMJHVN;Roermond jachthaven, (Maas kilometer 79);5.980019;51.198168;196400;356600;DONAR_RD
4030;MAAS;Maas;SAMBBNDN;Sambeek beneden;5.980046;51.6429;196000;406070;DONAR_RD
4031;MAAS;Maas;SAMBBVN;Sambeek boven;5.989404;51.640335;196650;405790;DONAR_RD
4032;MAAS;Maas;SINTADMS;Sint Andries Maas;5.359222;51.797757;153040;423130;DONAR_RD
4033;MAAS;Maas;SINTPTND;Sint Pieter noord;5.697804;50.831127;176850;315650;DONAR_RD
4034;MAAS;Maas;SINTPTR;Sint Pieter;5.697029;50.82133;176800;314560;DONAR_RD
4035;MAAS;Maas;SINTPTVHVN;Sint Pieter vluchthaven;5.701325;50.827072;177100;315200;DONAR_RD
4036;MAAS;Maas;SMEERMND;Smeermaas noord (Belgische zijde grensma;5.683269;50.88915;175800;322100;DONAR_RD
4037;MAAS;Maas;STEVWT;Stevensweert;5.84217;51.131957;186812;349166;DONAR_RD
4038;MAAS;Maas;STUWLXE;Stuw Lixhe;5.697972;50.750218;176900;306650;DONAR_RD
4039;MAAS;Maas;TEGHJE;Tegelhuisje (Belgische zijde grensmaas,;5.827701;51.13097;185800;349050;DONAR_RD
4040;MAAS;Maas;TERNEN;Ternaaien;5.689742;50.792043;176300;311300;DONAR_RD
4041;MAAS;Maas;TREECH;Treech (watersport vereninging);5.697133;50.836972;176800;316300;DONAR_RD
4042;MAAS;Maas;URMZD;Urmond zuid, (Maas kilometer 37, na inst;5.75445;50.986253;180754;332924;DONAR_RD
4043;MAAS;Maas;VENLO;Venlo;6.163501;51.369699;209020;375800;DONAR_RD
4044;MAAS;Maas;WELL;Well;6.11573;51.544323;205500;395190;DONAR_RD
4045;MAAS;Maas;WELLDP;Well dorp;6.092877;51.548959;203910;395690;DONAR_RD
4046;MAAS;Maas;WELLSED;Wellseind (Oude arm van de afgedamde Maa;5.185459;51.748953;141040;417720;DONAR_RD
4047;MAAS;Maas;WESSMLGD;Wessem Molengreend;5.896643;51.163502;190600;352700;DONAR_RD
4048;MAAS;Maas;WESSMNMT;Wessem monument;5.883727;51.159063;189700;352200;DONAR_RD
4049;MAAS;Maas;WIELR;Wieler, (Maas kilometer 88, na instroom;6.009651;51.247647;198424;362121;DONAR_RD
4050;MAAS;Maas;WILD;Het Wild raai 212 (recreatieplas);5.352865;51.769168;152600;419950;DONAR_RD
4051;MAASBGE;Maas  (Belgie);VISBNDN;Vise beneden;5.687307;50.744403;176150;306000;DONAR_RD
4363;NEDRN;Nederrijn;AMRGBVN;Amerongen boven;5.412093;51.976825;156680;443050;DONAR_RD
4364;NEDRN;Nederrijn;ARNHM;Arnhem;5.91246;51.969904;191060;442410;DONAR_RD
4365;NEDRN;Nederrijn;DRIELBGGT;Driel baggergat (recreatieplas);5.794339;51.960393;182950;441300;DONAR_RD
4366;NEDRN;Nederrijn;DRIELBNDN;Driel beneden;5.803103;51.963958;183550;441700;DONAR_RD
4367;NEDRN;Nederrijn;DRIELBVN;Driel boven;5.811133;51.966806;184100;442020;DONAR_RD
4368;NEDRN;Nederrijn;ECKEWL;Eck en Wiel;5.45621;51.983999;159710;443850;DONAR_RD
4369;NEDRN;Nederrijn;EILDMAURK;Eiland van Maurik (recreatieplas);5.426939;51.974574;157700;442800;DONAR_RD
4370;NEDRN;Nederrijn;GREBBE;Grebbe;5.592185;51.95157;169060;440260;DONAR_RD
4371;NEDRN;Nederrijn;LEXKVR;Lexkesveer;5.689874;51.962057;175770;441450;DONAR_RD
4372;NEDRN;Nederrijn;NATWH;Natewisch (recreatieplas);5.387639;51.974131;155000;442750;DONAR_RD
4373;NEDRN;Nederrijn;REMMDN;Remmerden;5.535801;51.970622;165180;442370;DONAR_RD
4374;NEDRN;Nederrijn;REMMDN912;Remmerden, kilometer 912;5.546262;51.965484;165900;441800;DONAR_RD
4375;NEDRN;Nederrijn;STEENWD941;Steenwaard, kilometer 941;5.197019;51.960942;141900;441300;DONAR_RD
4376;NEDRN;Nederrijn;WAGNGN899;Wageningen, kilometer 899;5.707794;51.965155;177000;441800;DONAR_RD
4377;NEDRN;Nederrijn;ZWANWTR;Zwanewater (recreatieplas);5.952701;51.940861;193850;439200;DONAR_RD
4378;NIEUWMS;Nieuwe Maas;BINNHVN702;Binnenhaven, vak 702;4.498517;51.910476;93829;436043;DONAR_RD
4379;NIEUWMS;Nieuwe Maas;BRIENOBRTOVR;Brienenoordbrug rechter oever (kilometer;4.54278;51.906207;96869;435532;DONAR_RD
4380;NIEUWMS;Nieuwe Maas;BRIENOD;Brienenoord (kilometer 996.5);4.525897;51.900854;95700;434950;DONAR_RD
4381;NIEUWMS;Nieuwe Maas;BUITHVVDGVH1;Buitenhaven Vlaardingen, vak VH1;4.348555;51.902162;83499;435255;DONAR_RD
4382;NIEUWMS;Nieuwe Maas;CENTLGBLK72;Centrale Geul Botlek, vak 72;4.29618;51.887698;79871;433699;DONAR_RD
4383;NIEUWMS;Nieuwe Maas;CENTLGBLK73;Centrale Geul Botlek, vak 73;4.292829;51.885123;79636;433416;DONAR_RD
4384;NIEUWMS;Nieuwe Maas;CENTLGBLK74;Centrale Geul Botlek, vak 74;4.28286;51.886989;78953;433634;DONAR_RD
4385;NIEUWMS;Nieuwe Maas;CENTLGBLK75;Centrale Geul Botlek, vak 75;4.280156;51.883548;78761;433254;DONAR_RD
4386;NIEUWMS;Nieuwe Maas;CENTLGBLK75A;Centrale Geul Botlek, vak 75A;4.266837;51.882828;77843;433188;DONAR_RD
4387;NIEUWMS;Nieuwe Maas;CHEMHVN80;Chemiehaven, vak 80;4.275174;51.877612;78408;432599;DONAR_RD
4388;NIEUWMS;Nieuwe Maas;CHEMHVN80C;Chemiehaven, vak 80C;4.275898;51.881233;78464;433001;DONAR_RD
4389;NIEUWMS;Nieuwe Maas;EEMHVN;Eemhaven;4.41789;51.890169;88252;433855;DONAR_RD
4390;NIEUWMS;Nieuwe Maas;EEMHVN31;Eemhaven, vak 31;4.398718;51.895798;86941;434499;DONAR_RD
4391;NIEUWMS;Nieuwe Maas;EEMHVN33;Eemhaven, vak 33;4.410187;51.891624;87724;434024;DONAR_RD
4392;NIEUWMS;Nieuwe Maas;EEMHVN34;Eemhaven, vak 34;4.403743;51.886608;87273;433472;DONAR_RD
4393;NIEUWMS;Nieuwe Maas;EEMHVN35;Eemhaven, vak 35;4.417319;51.885642;88206;433352;DONAR_RD
4394;NIEUWMS;Nieuwe Maas;EEMHVN36;Eemhaven, vak 36;4.422548;51.880965;88559;432827;DONAR_RD
4395;NIEUWMS;Nieuwe Maas;EEMHVN37;Eemhaven, vak 37;4.400253;51.881499;87025;432907;DONAR_RD
4396;NIEUWMS;Nieuwe Maas;EEMHVN39;Eemhaven, vak 39;4.414071;51.877992;87971;432504;DONAR_RD
4397;NIEUWMS;Nieuwe Maas;GEULHVN63A;Geulhaven, vak 63A;4.312968;51.89224;81034;434187;DONAR_RD
4398;NIEUWMS;Nieuwe Maas;GEULHVN63B;Geulhaven, vak 63B;4.319304;51.889754;81466;433904;DONAR_RD
4399;NIEUWMS;Nieuwe Maas;HEYSHVNHH1;Heysehaven, HH1;4.413025;51.896745;87927;434591;DONAR_RD
4400;NIEUWMS;Nieuwe Maas;HEYSHVNHH2;Heysehaven, HH2;4.415589;51.893107;88098;434184;DONAR_RD
4401;NIEUWMS;Nieuwe Maas;KONHVN704;Koningshaven, vak 704;4.497028;51.913692;93731;436402;DONAR_RD
4402;NIEUWMS;Nieuwe Maas;KORTOSKDE707;Kortenoordsekade, vak 707;4.44318;51.8994;90006;434859;DONAR_RD
4403;NIEUWMS;Nieuwe Maas;LEKHVRTOVR;Lekhaven rechter oever (kilometer 1005.2;4.429893;51.905055;89100;435500;DONAR_RD
4404;NIEUWMS;Nieuwe Maas;MAASHVN14;Maashaven, vak 14;4.473608;51.898041;92098;434681;DONAR_RD
4405;NIEUWMS;Nieuwe Maas;MAASHVN20;Maashaven, vak 20;4.484902;51.899378;92877;434820;DONAR_RD
4406;NIEUWMS;Nieuwe Maas;MADHVN29;Madroelhaven, vak 29;4.381454;51.895202;85752;434449;DONAR_RD
4407;NIEUWMS;Nieuwe Maas;MERWHVN21A;Merwehaven, vak 21A;4.418018;51.907799;88287;435816;DONAR_RD
4408;NIEUWMS;Nieuwe Maas;MERWHVN21B;Merwehaven, vak 21B;4.417327;51.912207;88246;436307;DONAR_RD
4409;NIEUWMS;Nieuwe Maas;MONDBLK508;Monding Botlek, vak 508;4.304809;51.894377;80476;434433;DONAR_RD
4410;NIEUWMS;Nieuwe Maas;MONDBLK510;Monding Botlek, vak 510;4.3008;51.894933;80201;434499;DONAR_RD
4411;NIEUWMS;Nieuwe Maas;MONDBLK67;Monding Botlek, vak 67;4.307278;51.890813;80640;434034;DONAR_RD
4412;NIEUWMS;Nieuwe Maas;MONDBLK71;Monding Botlek, vak 71;4.309233;51.891091;80775;434063;DONAR_RD
4413;NIEUWMS;Nieuwe Maas;NASSPSHVN701;Nassau-/Persoonshaven, vak 701;4.513784;51.906455;94874;435583;DONAR_RD
4414;NIEUWMS;Nieuwe Maas;NIEUWMSNM1;Nieuwe Maas, vak NM1 (kilometer 1012 - 1;4.330022;51.894274;82211;434396;DONAR_RD
4415;NIEUWMS;Nieuwe Maas;NIEUWMSNM2;Nieuwe Maas, vak NM2 (kilometer 1011 - 1;4.339101;51.895003;82837;434468;DONAR_RD
4416;NIEUWMS;Nieuwe Maas;NIEUWMSNM3;Nieuwe Maas, vak NM3 (kilometer 1010 - 1;4.349075;51.897276;83527;434711;DONAR_RD
4417;NIEUWMS;Nieuwe Maas;NIEUWMSNM4;Nieuwe Maas, vak NM4 (kilometer 1009 - 1;4.357845;51.90014;84135;435021;DONAR_RD
4418;NIEUWMS;Nieuwe Maas;NIEUWMSNM5;Nieuwe Maas, vak NM5 (kilometer 1008 - 1;4.371194;51.899123;85052;434895;DONAR_RD
4419;NIEUWMS;Nieuwe Maas;NIEUWMSNM6;Nieuwe Maas, vak NM6 (kilometer 1005 - 1;4.390114;51.898503;86353;434808;DONAR_RD
4420;NIEUWMS;Nieuwe Maas;NIEUWMSNM7;Nieuwe Maas, vak NM7 (kilometer 1005 - 1;4.387496;51.897303;86171;434677;DONAR_RD
4421;NIEUWMS;Nieuwe Maas;NIEUWMSNM8;Nieuwe Maas, vak NM8 (kilometer 1005 - 1;4.41803;51.903196;88281;435304;DONAR_RD
4422;NIEUWMS;Nieuwe Maas;NIEUWMSNM9;Nieuwe Maas, vak NM9 (kilometer 1005 - 1;4.417656;51.901674;88253;435135;DONAR_RD
4423;NIEUWMS;Nieuwe Maas;NIEUWMTRTOVR;Nieuwe Matex rechter oever;4.359657;51.902214;84263;435250;DONAR_RD
4424;NIEUWMS;Nieuwe Maas;PARKHVN13;Parkhaven, vak 13;4.465402;51.904917;91543;435453;DONAR_RD
4425;NIEUWMS;Nieuwe Maas;PARKSS;Parksluis;4.464754;51.907492;91502;435740;DONAR_RD
4426;NIEUWMS;Nieuwe Maas;PERNS;Pernis (kilometer 1008);4.390818;51.897538;86400;434700;DONAR_RD
4427;NIEUWMS;Nieuwe Maas;PETLUHVN151;1e Petroleumhaven, vak 51;4.342737;51.893012;83084;434243;DONAR_RD
4428;NIEUWMS;Nieuwe Maas;PETLUHVN156;1e Petroleumhaven, vak 56;4.341832;51.885039;83009;433357;DONAR_RD
4429;NIEUWMS;Nieuwe Maas;PETLUHVN157;1e Petroleumhaven, vak 57;4.347129;51.887163;83377;433588;DONAR_RD
4430;NIEUWMS;Nieuwe Maas;PETLUHVN160;1e Petroleumhaven, vak 60;4.347292;51.883892;83383;433224;DONAR_RD
4431;NIEUWMS;Nieuwe Maas;PETLUHVN241;2e Petroleumhaven, vak 41;4.368138;51.898045;84840;434778;DONAR_RD
4432;NIEUWMS;Nieuwe Maas;PETLUHVN242;2e Petroleumhaven, vak 42;4.36786;51.894896;84816;434428;DONAR_RD
4433;NIEUWMS;Nieuwe Maas;PETLUHVN245;2e Petroleumhaven, vak 45;4.365041;51.89044;84615;433935;DONAR_RD
4434;NIEUWMS;Nieuwe Maas;PETLUHVN247;2e Petroleumhaven, vak 47;4.361775;51.889036;84388;433782;DONAR_RD
4435;NIEUWMS;Nieuwe Maas;PETLUHVN250;2e Petroleumhaven, vak 50;4.373638;51.888689;85204;433732;DONAR_RD
4436;NIEUWMS;Nieuwe Maas;PETLUHVN364;3e Petroleumhaven, vak 64;4.307495;51.885403;80646;433432;DONAR_RD
4437;NIEUWMS;Nieuwe Maas;PETLUHVN366;3e Petroleumhaven, vak 66;4.309133;51.879493;80749;432773;DONAR_RD
4438;NIEUWMS;Nieuwe Maas;PETLUHVN368;3e Petroleumhaven, vak 68;4.29934;51.878989;80074;432727;DONAR_RD
4439;NIEUWMS;Nieuwe Maas;RIJNHVN03;Rijnhaven, vak 03;4.483969;51.903848;92819;435318;DONAR_RD
4440;NIEUWMS;Nieuwe Maas;RIJNHVN09;Rijnhaven, vak 09;4.493709;51.906628;93493;435619;DONAR_RD
4441;NIEUWMS;Nieuwe Maas;ROBBOSHVN706;Robbenoordsehaven, vak 706;4.458124;51.897749;91032;434662;DONAR_RD
4442;NIEUWMS;Nieuwe Maas;ROTTDM;Rotterdam;4.500068;51.920979;93950;437210;DONAR_RD
4443;NIEUWMS;Nieuwe Maas;SCHIEHVN11B;Schiehaven, vak 11B;4.455156;51.902795;90835;435226;DONAR_RD
4444;NIEUWMS;Nieuwe Maas;SINTJHVN12;Sint Jobshaven, vak 12;4.463118;51.903622;91384;435311;DONAR_RD
4445;NIEUWMS;Nieuwe Maas;SINTJHVN705;Sint Janshaven, vak 705;4.461539;51.897713;91267;434655;DONAR_RD
4446;NIEUWMS;Nieuwe Maas;SINTLRHVN76;Sint Laurenshaven, vak 76;4.274729;51.889745;78398;433949;DONAR_RD
4447;NIEUWMS;Nieuwe Maas;SINTLRHVN77;Sint Laurenshaven, vak 77;4.274585;51.893222;78394;434336;DONAR_RD
4448;NIEUWMS;Nieuwe Maas;SLIKKVR;Slikkerveer (kilometer 990.5);4.60305;51.893304;101000;434050;DONAR_RD
4449;NIEUWMS;Nieuwe Maas;TVBR1154;Vogeltelvak (oud) vak BR1154;4.596128;51.896117;100527;434368;DONAR_RD
4450;NIEUWMS;Nieuwe Maas;TVBR1472;Vogeltelvak (oud) vak BR1472;4.383147;51.900098;85876;434992;DONAR_RD
4451;NIEUWMS;Nieuwe Maas;TVBR1474;Vogeltelvak (oud) vak BR1474;4.437492;51.903805;89621;435354;DONAR_RD
4452;NIEUWMS;Nieuwe Maas;TVBR1475;Vogeltelvak (oud) vak BR1475;4.48557;51.910971;92939;436109;DONAR_RD
4453;NIEUWMS;Nieuwe Maas;TVBR1476;Vogeltelvak (oud) vak BR1476;4.525844;51.902122;95698;435091;DONAR_RD
4454;NIEUWMS;Nieuwe Maas;TVBR2111;Vogeltelvak met SOVON-code BR2111;4.597191;51.895962;100600;434350;DONAR_RD
4455;NIEUWMS;Nieuwe Maas;TVBR2112;Vogeltelvak met SOVON-code BR2112;4.597231;51.893715;100600;434100;DONAR_RD
4456;NIEUWMS;Nieuwe Maas;TVBR2121;Vogeltelvak met SOVON-code BR2121;4.53023;51.902235;96000;435100;DONAR_RD
4457;NIEUWMS;Nieuwe Maas;TVBR2122;Vogeltelvak met SOVON-code BR2122;4.530265;51.900437;96000;434900;DONAR_RD
4458;NIEUWMS;Nieuwe Maas;TVBR2131;Vogeltelvak met SOVON-code BR2131;4.486476;51.909998;93000;436000;DONAR_RD
4459;NIEUWMS;Nieuwe Maas;TVBR2132;Vogeltelvak met SOVON-code BR2132;4.486656;51.90101;93000;435000;DONAR_RD
4460;NIEUWMS;Nieuwe Maas;TVBR2141;Vogeltelvak met SOVON-code BR2141;4.457596;51.900783;91000;435000;DONAR_RD
4461;NIEUWMS;Nieuwe Maas;TVBR2142;Vogeltelvak met SOVON-code BR2142;4.443443;51.88269;90000;433000;DONAR_RD
4462;NIEUWMS;Nieuwe Maas;TVBR2151;Vogeltelvak met SOVON-code BR2151;4.399476;51.900309;87000;435000;DONAR_RD
4463;NIEUWMS;Nieuwe Maas;TVBR2152;Vogeltelvak met SOVON-code BR2152;4.385007;51.897489;86000;434700;DONAR_RD
4464;NIEUWMS;Nieuwe Maas;TVBR2160;Vogeltelvak met SOVON-code BR2160;4.414395;51.882453;88000;433000;DONAR_RD
4465;NIEUWMS;Nieuwe Maas;TVBR2171;Vogeltelvak met SOVON-code BR2171;4.355857;51.901282;84000;435150;DONAR_RD
4466;NIEUWMS;Nieuwe Maas;TVBR2172;Vogeltelvak met SOVON-code BR2172;4.355929;51.898136;84000;434800;DONAR_RD
4467;NIEUWMS;Nieuwe Maas;TVBR2331;Vogeltelvak met SOVON-code BR2331;4.30692;51.881514;80600;433000;DONAR_RD
4468;NIEUWMS;Nieuwe Maas;TVBR2332;Vogeltelvak met SOVON-code BR2332;4.283462;51.890285;79000;434000;DONAR_RD
4469;NIEUWMS;Nieuwe Maas;TVRG1471;Vogeltelvak (oud) vak RG1471;4.356872;51.901354;84070;435157;DONAR_RD
4470;NIEUWMS;Nieuwe Maas;TVRG1472;Vogeltelvak met SOVON-code RG4241;4.392311;51.895753;86500;434500;DONAR_RD
4471;NIEUWMS;Nieuwe Maas;VLAARDGN;Vlaardingen;4.349333;51.900595;83550;435080;DONAR_RD
4472;NIEUWMS;Nieuwe Maas;VONDLGPT;Vondelingenplaat;4.306531;51.897692;80600;434800;DONAR_RD
4473;NIEUWMS;Nieuwe Maas;VULCHVN127;Vulcaanhaven, vak 127;4.364135;51.906632;84578;435737;DONAR_RD
4474;NIEUWMS;Nieuwe Maas;VULCHVN128;Vulcaanhaven, vak 128;4.3656;51.90357;84674;435395;DONAR_RD
4475;NIEUWMS;Nieuwe Maas;VULCHVN129;Vulcaanhaven, vak 129;4.362311;51.906301;84452;435702;DONAR_RD
4476;NIEUWMS;Nieuwe Maas;WAALHVN16;Waalhaven, vak 16;4.454443;51.894465;90774;434300;DONAR_RD
4477;NIEUWMS;Nieuwe Maas;WAALHVN17;Waalhaven, vak 17;4.453041;51.891991;90674;434026;DONAR_RD
4478;NIEUWMS;Nieuwe Maas;WAALHVN18;Waalhaven, vak 18;4.450928;51.889502;90525;433751;DONAR_RD
4479;NIEUWMS;Nieuwe Maas;WAALHVN19;Waalhaven, vak 19;4.435507;51.888398;89462;433642;DONAR_RD
4480;NIEUWMS;Nieuwe Maas;WAALHVN22;Waalhaven, vak 22;4.434248;51.900506;89393;434990;DONAR_RD
4481;NIEUWMS;Nieuwe Maas;WAALHVN23;Waalhaven, vak 23;4.438149;51.898848;89659;434802;DONAR_RD
4482;NIEUWMS;Nieuwe Maas;WAALHVN23A;Waalhaven, vak 23A;4.428403;51.897941;88987;434710;DONAR_RD
4483;NIEUWMS;Nieuwe Maas;WAALHVN25;Waalhaven, vak 25;4.440218;51.89374;89794;434232;DONAR_RD
4484;NIEUWMS;Nieuwe Maas;WAALHVN25A;Waalhaven, vak 25A;4.44756;51.895651;90302;434438;DONAR_RD
4485;NIEUWMS;Nieuwe Maas;WAALHVN26;Waalhaven, vak 26;4.432741;51.892097;89277;434056;DONAR_RD
4486;NIEUWMS;Nieuwe Maas;WAALHVN27;Waalhaven, vak 27;4.448944;51.887095;90385;433485;DONAR_RD
4487;NIEUWMS;Nieuwe Maas;WAALHVN28;Waalhaven, vak 28;4.443998;51.882578;90038;432987;DONAR_RD
4488;NIEUWMS;Nieuwe Maas;WAALHVN30;Waalhaven, vak 30;4.435587;51.884632;89462;433223;DONAR_RD
4489;NIEUWMS;Nieuwe Maas;WERKHVN132;Werkhaven, vak 132;4.411039;51.895173;87788;434418;DONAR_RD
4490;NIEUWMS;Nieuwe Maas;WERKHVVO1125;1e Werkhaven Verolme, vak 125;4.301092;51.892473;80217;434225;DONAR_RD
4491;NIEUWMS;Nieuwe Maas;WERKHVVO2126;2e Werkhaven Verolme, vak 126;4.287495;51.88937;79276;433894;DONAR_RD
4492;NIEUWMS;Nieuwe Maas;WILHMNHVSSW1;Wilhelminahaven Schiedam, vak SW1;4.395783;51.901078;86747;435089;DONAR_RD
4493;NIEUWMS;Nieuwe Maas;WILHMNHVSSW2;Wilhelminahaven Schiedam, vak SW2;4.390654;51.904927;86400;435522;DONAR_RD
4494;NIEUWMS;Nieuwe Maas;WILHMNHVVKW1;Kon. Wilhelminahaven Vlaardingen, vak KW;4.354548;51.905109;83916;435577;DONAR_RD
4495;NIEUWMS;Nieuwe Maas;WILHMNHVVKW2;Kon. Wilhelminahaven Vlaardingen, vak KW;4.354154;51.903272;83886;435373;DONAR_RD
4496;NIEUWMS;Nieuwe Maas;YSSLKLHVN21;IJssel-/Lek-/Keilehaven, vak 21;4.431396;51.906137;89205;435619;DONAR_RD
4497;NIEUWMWDE;Nieuwe Merwede;DEENPT;Deeneplaat;4.71706;51.740556;108690;416980;DONAR_RD
4498;NIEUWMWDE;Nieuwe Merwede;DORDGVDHZTMK;Dordrecht, Gat van den Hengst, Zoetemelk;4.82207;51.807813;116000;424400;DONAR_RD
4499;NIEUWMWDE;Nieuwe Merwede;ENGLPT;Engeland plaat;4.700764;51.740957;107565;417035;DONAR_RD
4500;NIEUWMWDE;Nieuwe Merwede;GATVDHT;Gat van de Hengst;4.824964;51.808277;116200;424450;DONAR_RD
4501;NIEUWMWDE;Nieuwe Merwede;KIEVTWD;Kievitswaard;4.850198;51.802237;117935;423765;DONAR_RD
4502;NIEUWMWDE;Nieuwe Merwede;KOPVHLD;Kop van het Land;4.75794;51.789238;111560;422370;DONAR_RD
4503;NIEUWMWDE;Nieuwe Merwede;NIEUWMWDE14;Nieuwe Merwede, punt 14;4.687474;51.73418;106640;416290;DONAR_RD
4504;NIEUWMWDE;Nieuwe Merwede;NIEUWMWDE16;Nieuwe Merwede, punt 16;4.689871;51.731768;106803;416020;DONAR_RD
4505;NIEUWMWDE;Nieuwe Merwede;NIEUWMWDWZD;Nieuwe Merwede westzijde (km raai 970);4.766439;51.793149;112150;422800;DONAR_RD
4506;NIEUWMWDE;Nieuwe Merwede;POLDJJPT;Polder Jantjes plaat;4.747942;51.766984;110849;419901;DONAR_RD
4507;NIEUWMWDE;Nieuwe Merwede;POLDJTPT01;Polder Jantjes plaat punt 01;4.746972;51.768493;110783;420069;DONAR_RD
4508;NIEUWMWDE;Nieuwe Merwede;POLDJTPT02;Polder Jantjes plaat, punt 02;4.748912;51.765474;110914;419732;DONAR_RD
4509;NIEUWMWDE;Nieuwe Merwede;TONGPT1001;Tongplaat raai 1 PQ 001;4.700348;51.745249;107541;417513;DONAR_RD
4510;NIEUWMWDE;Nieuwe Merwede;TONGPT1002;Tongplaat raai 1 PQ 002;4.70147;51.744681;107618;417449;DONAR_RD
4511;NIEUWMWDE;Nieuwe Merwede;TONGPT1003;Tongplaat raai 1 PQ 003;4.702591;51.744112;107695;417385;DONAR_RD
4512;NIEUWMWDE;Nieuwe Merwede;TONGPT1004;Tongplaat raai 1 PQ 004;4.703712;51.743542;107771;417321;DONAR_RD
4513;NIEUWMWDE;Nieuwe Merwede;TONGPT1005;Tongplaat raai 1 PQ 005;4.704833;51.742973;107848;417257;DONAR_RD
4514;NIEUWMWDE;Nieuwe Merwede;TONGPT1006;Tongplaat raai 1 PQ 006;4.705955;51.742405;107925;417193;DONAR_RD
4515;NIEUWMWDE;Nieuwe Merwede;TONGPT1007;Tongplaat raai 1 PQ 007;4.707075;51.741836;108002;417129;DONAR_RD
4516;NIEUWMWDE;Nieuwe Merwede;TONGPT1008;Tongplaat raai 1 PQ 008;4.708196;51.741267;108079;417065;DONAR_RD
4517;NIEUWMWDE;Nieuwe Merwede;TONGPT2001;Tongplaat raai 2 PQ 001;4.699432;51.744554;107477;417436;DONAR_RD
4518;NIEUWMWDE;Nieuwe Merwede;TONGPT2002;Tongplaat raai 2 PQ 002;4.700552;51.743985;107554;417372;DONAR_RD
4519;NIEUWMWDE;Nieuwe Merwede;TONGPT2003;Tongplaat raai 2 PQ 003;4.701675;51.743415;107631;417308;DONAR_RD
4520;NIEUWMWDE;Nieuwe Merwede;TONGPT2004;Tongplaat raai 2 PQ 004;4.702796;51.742846;107707;417244;DONAR_RD
4521;NIEUWMWDE;Nieuwe Merwede;TONGPT2005;Tongplaat raai 2 PQ 005;4.703916;51.742278;107784;417180;DONAR_RD
4522;NIEUWMWDE;Nieuwe Merwede;TONGPT2006;Tongplaat raai 2 PQ 006;4.705037;51.741709;107861;417116;DONAR_RD
4523;NIEUWMWDE;Nieuwe Merwede;TONGPT2007;Tongplaat raai 2 PQ 007;4.706159;51.74114;107938;417052;DONAR_RD
4524;NIEUWMWDE;Nieuwe Merwede;TONGPT2008;Tongplaat raai 2 PQ 008;4.70728;51.740571;108015;416988;DONAR_RD
4525;NIEUWMWDE;Nieuwe Merwede;TONGPT3001;Tongplaat raai 3 PQ 001;4.698515;51.743858;107413;417359;DONAR_RD
4526;NIEUWMWDE;Nieuwe Merwede;TONGPT3002;Tongplaat raai 3 PQ 002;4.699636;51.743288;107490;417295;DONAR_RD
4527;NIEUWMWDE;Nieuwe Merwede;TONGPT3003;Tongplaat raai 3 PQ 003;4.700757;51.742719;107566;417231;DONAR_RD
4528;NIEUWMWDE;Nieuwe Merwede;TONGPT3004;Tongplaat raai 3 PQ 004;4.701879;51.742151;107643;417167;DONAR_RD
4529;NIEUWMWDE;Nieuwe Merwede;TONGPT3005;Tongplaat raai 3 PQ 005;4.703;51.741582;107720;417103;DONAR_RD
4530;NIEUWMWDE;Nieuwe Merwede;TONGPT3006;Tongplaat raai 3 PQ 006;4.704121;51.741013;107797;417039;DONAR_RD
4531;NIEUWMWDE;Nieuwe Merwede;TONGPT3007;Tongplaat raai 3 PQ 007;4.705242;51.740443;107874;416975;DONAR_RD
4532;NIEUWMWDE;Nieuwe Merwede;TONGPT3008;Tongplaat raai 3 PQ 008;4.706364;51.739874;107951;416911;DONAR_RD
4533;NIEUWMWDE;Nieuwe Merwede;TVBR3210;Vogeltelvak met SOVON-code BR3210;4.656448;51.736778;104500;416600;DONAR_RD
4534;NIEUWMWDE;Nieuwe Merwede;TVBR3220;Vogeltelvak met SOVON-code BR3220;4.701248;51.742443;107600;417200;DONAR_RD
4535;NIEUWMWDE;Nieuwe Merwede;TVBR3241;Vogeltelvak met SOVON-code BR3241;4.678228;51.732866;106000;416150;DONAR_RD
4536;NIEUWMWDE;Nieuwe Merwede;TVBR3410;Vogeltelvak met SOVON-code BR3410;4.828696;51.799755;116450;423500;DONAR_RD
4537;NIEUWMWDE;Nieuwe Merwede;TVBR3420;Vogeltelvak met SOVON-code BR3420;4.827999;51.797504;116400;423250;DONAR_RD
4538;NIEUWMWDE;Nieuwe Merwede;TVBR3430;Vogeltelvak met SOVON-code BR3430;4.721414;51.749751;109000;418000;DONAR_RD
4539;NIEUWMWDE;Nieuwe Merwede;TVBR3440;Vogeltelvak met SOVON-code BR3440;4.735863;51.75208;110000;418250;DONAR_RD
4540;NIEUWMWDE;Nieuwe Merwede;TVNW0010;Vogeltelvak (oud) vak 10;4.857693;51.804771;118454;424043;DONAR_RD
4541;NIEUWMWDE;Nieuwe Merwede;TVNW0020;Vogeltelvak (oud) vak 20;4.759883;51.78816;111693;422249;DONAR_RD
4542;NIEUWMWDE;Nieuwe Merwede;TVNW0030;Vogeltelvak (oud) vak 30;4.735813;51.758579;110003;418973;DONAR_RD
4543;NIEUWMWDE;Nieuwe Merwede;TVNW0040;Vogeltelvak (oud) vak 40;4.689489;51.733995;106779;416268;DONAR_RD
4544;NIEUWMWDE;Nieuwe Merwede;TVNW0050;Vogeltelvak (oud) vak 50;4.698924;51.732414;107429;416086;DONAR_RD
4545;NIEUWMWDE;Nieuwe Merwede;TVNW0060;Vogeltelvak (oud) vak 60;4.706762;51.736901;107975;416580;DONAR_RD
4546;NIEUWMWDE;Nieuwe Merwede;TVNW0070;Vogeltelvak (oud) vak 70;4.750746;51.76801;111043;420013;DONAR_RD
4547;NIEUWMWDE;Nieuwe Merwede;TVNW0080;Vogeltelvak (oud) vak 80;4.793198;51.797782;114000;423300;DONAR_RD
4548;NIEUWMWDE;Nieuwe Merwede;TVNW0090;Vogeltelvak (oud) vak 90;4.852474;51.799839;118090;423497;DONAR_RD
4549;NIEUWMWDE;Nieuwe Merwede;WERKDBTN;Werkendam buiten;4.877187;51.806988;119800;424280;DONAR_RD
4550;NIEUWMWDE;Nieuwe Merwede;WERKDM;Werkendam;4.876034;51.812673;119725;424913;DONAR_RD
4551;NIEUWMWDE;Nieuwe Merwede;ZUIDHLSBBH;Zuid-Hollandse Biesbosch;4.667034;51.753924;105250;418500;DONAR_RD
4552;NIEUWMWDE;Nieuwe Merwede;ZUIDHVN;Zuidhaven (kilometer 976.6);4.718026;51.743798;108760;417340;DONAR_RD
4553;NIEUWWTWG;Nieuwe Waterweg;BUITHVMSSMH1;Buitenhaven Maassluis, vak MH1;4.247279;51.917404;76557;437055;DONAR_RD
4554;NIEUWWTWG;Nieuwe Waterweg;EURPHVN;Europahaven;4.029389;51.963141;61665;442400;DONAR_RD
4555;NIEUWWTWG;Nieuwe Waterweg;HOEKVHLD;Hoek van Holland;4.120131;51.978539;67930;444000;DONAR_RD
4556;NIEUWWTWG;Nieuwe Waterweg;HOEKVHLD1029;Hoek van Holland, kilometer 1029;4.13445;51.9715;68900;443200;DONAR_RD
4557;NIEUWWTWG;Nieuwe Waterweg;HOEKVHLDMDN;Hoek van Holland midden;4.110222;51.978881;67250;444050;DONAR_RD
4558;NIEUWWTWG;Nieuwe Waterweg;HOEKVHLDNOVR;Hoek van Holland noordoever;4.110697;51.977538;67280;443900;DONAR_RD
4559;NIEUWWTWG;Nieuwe Waterweg;HOEKVHLDZOVR;Hoek van Holland zuidoever;4.111639;51.980245;67350;444200;DONAR_RD
4560;NIEUWWTWG;Nieuwe Waterweg;HOEKVHLLKOVR;Hoek van Holland linker oever (kilometer;4.131755;51.968954;68710;442920;DONAR_RD
4561;NIEUWWTWG;Nieuwe Waterweg;HOEKVHLRTOVR;Hoek van Holland rechter oever (kilomete;4.120078;51.977864;67925;443925;DONAR_RD
4562;NIEUWWTWG;Nieuwe Waterweg;HOEKVHLSSDM;Hoek van Holland splitsingsdam;4.116377;51.973329;67662;443425;DONAR_RD
4563;NIEUWWTWG;Nieuwe Waterweg;MAASSKSGR;Maassluis, Kruitsteiger;4.202278;51.941277;73505;439760;DONAR_RD
4564;NIEUWWTWG;Nieuwe Waterweg;MAASSS;Maassluis;4.250058;51.918465;76750;437170;DONAR_RD
4565;NIEUWWTWG;Nieuwe Waterweg;MISSSPHVN;Mississippihaven;4.045375;51.935203;62706;439272;DONAR_RD
4566;NIEUWWTWG;Nieuwe Waterweg;NIEUWWTW519A;Nieuwe Waterweg, vak 519A (kilometer 103;4.07282;51.981894;64687;444431;DONAR_RD
4567;NIEUWWTWG;Nieuwe Waterweg;NIEUWWTW519B;Nieuwe Waterweg, vak 519B (kilometer 103;4.063684;51.983113;64062;444578;DONAR_RD
4568;NIEUWWTWG;Nieuwe Waterweg;NIEUWWTW521A;Nieuwe Waterweg, vak 521A (kilometer 103;4.055401;51.98453;63496;444746;DONAR_RD
4569;NIEUWWTWG;Nieuwe Waterweg;NIEUWWTW521B;Nieuwe Waterweg, vak 521B (kilometer 103;4.04501;51.986795;62787;445011;DONAR_RD
4570;NIEUWWTWG;Nieuwe Waterweg;NIEUWWTWG598;Nieuwe Waterweg, vak 599 (kilometer 1014;4.302597;51.895705;80326;434583;DONAR_RD
4571;NIEUWWTWG;Nieuwe Waterweg;NIEUWWTWG599;Nieuwe Waterweg, vak 598 (kilometer 1014;4.313003;51.895036;81041;434498;DONAR_RD
4572;NIEUWWTWG;Nieuwe Waterweg;NIEUWWTWGW1;Nieuwe Waterweg, vak W1 (kilometer 1022;4.191216;51.941561;72745;439804;DONAR_RD
4573;NIEUWWTWG;Nieuwe Waterweg;NIEUWWTWGW10;Nieuwe Waterweg, vak W10 (kilometer 1014;4.288062;51.899436;79332;435013;DONAR_RD
4574;NIEUWWTWG;Nieuwe Waterweg;NIEUWWTWGW11;Nieuwe Waterweg, vak W11 (kilometer 1014;4.268803;51.905996;78018;435763;DONAR_RD
4575;NIEUWWTWG;Nieuwe Waterweg;NIEUWWTWGW12;Nieuwe Waterweg, vak W12 (kilometer 1014;4.244427;51.914653;76356;436752;DONAR_RD
4576;NIEUWWTWG;Nieuwe Waterweg;NIEUWWTWGW2;Nieuwe Waterweg, vak W2 (kilometer 1024;4.176323;51.951154;71739;440888;DONAR_RD
4577;NIEUWWTWG;Nieuwe Waterweg;NIEUWWTWGW3A;Nieuwe Waterweg, vak W3A (kilometer 1027;4.130786;51.970805;68647;443127;DONAR_RD
4578;NIEUWWTWG;Nieuwe Waterweg;NIEUWWTWGW3B;Nieuwe Waterweg, vak W3B (kilometer 1030;4.088375;51.982723;65757;444504;DONAR_RD
4579;NIEUWWTWG;Nieuwe Waterweg;NIEUWWTWGW4;Nieuwe Waterweg, vak W4 (kilometer 1020;4.21763;51.932109;74544;438723;DONAR_RD
4580;NIEUWWTWG;Nieuwe Waterweg;NIEUWWTWGW5;Nieuwe Waterweg, vak W5 (kilometer 1020;4.221922;51.931504;74838;438651;DONAR_RD
4581;NIEUWWTWG;Nieuwe Waterweg;NIEUWWTWGW6;Nieuwe Waterweg, vak W6 (kilometer 1020;4.226144;51.928516;75123;438314;DONAR_RD
4582;NIEUWWTWG;Nieuwe Waterweg;NIEUWWTWGW7;Nieuwe Waterweg, vak W7 (kilometer 1020;4.219955;51.93108;74702;438606;DONAR_RD
4583;NIEUWWTWG;Nieuwe Waterweg;NIEUWWTWGW8;Nieuwe Waterweg, vak W8 (kilometer 1020;4.224186;51.927759;74987;438232;DONAR_RD
4584;NIEUWWTWG;Nieuwe Waterweg;NIEUWWTWGW9;Nieuwe Waterweg, vak W9 (kilometer 1020;4.230103;51.923844;75387;437790;DONAR_RD
4585;NIEUWWTWG;Nieuwe Waterweg;NIEUWWTWNW2;Nieuwe Waterweg meetboei NW2 (kilometer;4.296318;51.899396;79900;435000;DONAR_RD
4586;NIEUWWTWG;Nieuwe Waterweg;NIEUWWTWNZDE;Nieuwe Waterweg noordzijde (km-raai 1027;4.159434;51.962774;70600;442200;DONAR_RD
4587;NIEUWWTWG;Nieuwe Waterweg;NIEUWWTWZZDE;Nieuwe Waterweg zuidzijde (tussen km-raa;4.227429;51.92211;75200;437600;DONAR_RD
4588;NIEUWWTWG;Nieuwe Waterweg;NOORDDM;Noorderdam;4.089755;51.981804;65850;444400;DONAR_RD
4589;NIEUWWTWG;Nieuwe Waterweg;OEVBWT;Oeverbos west;4.27904;51.904628;78720;435600;DONAR_RD
4590;NIEUWWTWG;Nieuwe Waterweg;POORTHVRTOVR;Poortershaven rechter oever (kilometer 1;4.202289;51.941279;73506;439760;DONAR_RD
4591;NIEUWWTWG;Nieuwe Waterweg;SCHIEDVDGUWT;Tussen Schiedam en Vlaardingen uitwateri;4.373161;51.907276;85200;435800;DONAR_RD
4599;NOORD;Noord;ALBSDM;Alblasserdam;4.645479;51.866791;103890;431070;DONAR_RD
4600;NOORD;Noord;ALBSDRTOVR;Alblasserdam rechteroever (nabij brug);4.656475;51.857558;104637;430035;DONAR_RD
4601;NOORD;Noord;KINDDK;Kinderdijk (kilometer 984);4.626493;51.881772;102600;432750;DONAR_RD
4602;NOORD;Noord;TVBR1311;Vogeltelvak met SOVON-code BR1311;4.672924;51.839363;105750;428000;DONAR_RD
4603;NOORD;Noord;TVBR1312;Vogeltelvak met SOVON-code BR1312;4.662084;51.836599;105000;427700;DONAR_RD
4604;NOORD;Noord;TVBR1313;Vogeltelvak met SOVON-code BR1313;4.665668;51.839318;105250;428000;DONAR_RD
4605;NOORD;Noord;TVBR1320;Vogeltelvak met SOVON-code BR1320;4.632416;51.875068;103000;432000;DONAR_RD
5239;RIJN;Rijn / Bovenrijn;BIJLJHVN;Bijland jachthaven (recreatieplas kilome;6.09474;51.862782;203700;430600;DONAR_RD
5240;RIJN;Rijn / Bovenrijn;BIJLND;Bijland (recreatieplas);6.088291;51.868214;203250;431200;DONAR_RD
5241;RIJN;Rijn / Bovenrijn;LOBH;Lobith;6.104141;51.851308;204360;429330;DONAR_RD
5242;RIJN;Rijn / Bovenrijn;LOBPTN;Lobith ponton;6.091717;51.855159;203500;429750;DONAR_RD
5243;RIJN;Rijn / Bovenrijn;LOBVHVN;Lobith vluchthaven;6.092425;51.856809;203547;429934;DONAR_RD
5244;RIJN;Rijn / Bovenrijn;MILLGADRN866;Millingen aan de Rijn, kilometer 866;6.062921;51.87106;201500;431500;DONAR_RD
5245;RIJN;Rijn / Bovenrijn;SPIJKSDK860;Spijkse dijk, kilometer 860;6.135198;51.850845;206500;429300;DONAR_RD
5246;RIJNDLD;Rijn  (Duitsland);BIMMN;Bimmen;6.083111;51.861952;202900;430500;DONAR_RD
5247;RIJNDLD;Rijn  (Duitsland);EMMRH;Emmerich;6.248597;51.829571;214340;427020;DONAR_RD
